from,to,intensity_forecast,intensity_actual,intensity_index
2019-03-25T00:00Z,2019-03-25T00:30Z,87,91,low
2019-03-25T00:30Z,2019-03-25T01:00Z,87,94,low
2019-03-25T01:00Z,2019-03-25T01:30Z,99,87,low
2019-03-25T01:30Z,2019-03-25T02:00Z,97,84,low
2019-03-25T02:00Z,2019-03-25T02:30Z,88,86,low
2019-03-25T02:30Z,2019-03-25T03:00Z,87,89,low
2019-03-25T03:00Z,2019-03-25T03:30Z,88,88,low
2019-03-25T03:30Z,2019-03-25T04:00Z,91,89,low
2019-03-25T04:00Z,2019-03-25T04:30Z,91,98,low
2019-03-26T00:00Z,2019-03-26T00:30Z,246,238,moderate
2019-03-26T00:30Z,2019-03-26T01:00Z,239,234,moderate
2019-03-26T01:00Z,2019-03-26T01:30Z,242,224,moderate
2019-03-26T01:30Z,2019-03-26T02:00Z,239,226,moderate
2019-03-26T02:00Z,2019-03-26T02:30Z,224,231,moderate
2019-03-26T02:30Z,2019-03-26T03:00Z,229,226,moderate
2019-03-26T03:00Z,2019-03-26T03:30Z,231,221,moderate
2019-03-26T03:30Z,2019-03-26T04:00Z,225,220,moderate
2019-03-26T04:00Z,2019-03-26T04:30Z,218,220,moderate
2019-03-27T00:00Z,2019-03-27T00:30Z,220,216,moderate
2019-03-27T00:30Z,2019-03-27T01:00Z,209,220,moderate
2019-03-27T01:00Z,2019-03-27T01:30Z,220,221,moderate
2019-03-27T01:30Z,2019-03-27T02:00Z,227,219,moderate
2019-03-27T02:00Z,2019-03-27T02:30Z,223,221,moderate
2019-03-27T02:30Z,2019-03-27T03:00Z,221,221,moderate
2019-03-27T03:00Z,2019-03-27T03:30Z,220,217,moderate
2019-03-27T03:30Z,2019-03-27T04:00Z,220,218,moderate
2019-03-27T04:00Z,2019-03-27T04:30Z,218,220,moderate
2019-03-28T00:00Z,2019-03-28T00:30Z,232,238,moderate
2019-03-28T00:30Z,2019-03-28T01:00Z,227,240,moderate
2019-03-28T01:00Z,2019-03-28T01:30Z,244,241,moderate
2019-03-28T01:30Z,2019-03-28T02:00Z,251,239,moderate
2019-03-28T02:00Z,2019-03-28T02:30Z,244,240,moderate
2019-03-28T02:30Z,2019-03-28T03:00Z,240,239,moderate
2019-03-28T03:00Z,2019-03-28T03:30Z,238,240,moderate
2019-03-28T03:30Z,2019-03-28T04:00Z,239,241,moderate
2019-03-28T04:00Z,2019-03-28T04:30Z,242,242,moderate
2019-03-29T00:00Z,2019-03-29T00:30Z,193,192,moderate
2019-03-29T00:30Z,2019-03-29T01:00Z,185,189,moderate
2019-03-29T01:00Z,2019-03-29T01:30Z,197,183,moderate
2019-03-29T01:30Z,2019-03-29T02:00Z,193,186,moderate
2019-03-29T02:00Z,2019-03-29T02:30Z,185,196,moderate
2019-03-29T02:30Z,2019-03-29T03:00Z,191,190,moderate
2019-03-29T03:00Z,2019-03-29T03:30Z,194,188,moderate
2019-03-29T03:30Z,2019-03-29T04:00Z,188,185,moderate
2019-03-29T04:00Z,2019-03-29T04:30Z,188,186,moderate
2019-03-30T00:00Z,2019-03-30T00:30Z,237,236,moderate
2019-03-30T00:30Z,2019-03-30T01:00Z,227,239,moderate
2019-03-30T01:00Z,2019-03-30T01:30Z,241,243,moderate
2019-03-30T01:30Z,2019-03-30T02:00Z,254,248,moderate
2019-03-30T02:00Z,2019-03-30T02:30Z,254,249,moderate
2019-03-30T02:30Z,2019-03-30T03:00Z,249,248,moderate
2019-03-30T03:00Z,2019-03-30T03:30Z,248,246,moderate
2019-03-30T03:30Z,2019-03-30T04:00Z,247,244,moderate
2019-03-30T04:00Z,2019-03-30T04:30Z,248,244,moderate
2019-03-31T00:00Z,2019-03-31T00:30Z,237,,moderate
2019-03-31T00:30Z,2019-03-31T01:00Z,230,,moderate
2019-03-31T01:00Z,2019-03-31T01:30Z,225,,moderate
2019-03-31T01:30Z,2019-03-31T02:00Z,221,,moderate
2019-03-31T02:00Z,2019-03-31T02:30Z,218,,moderate
2019-03-31T02:30Z,2019-03-31T03:00Z,215,,moderate
2019-03-31T03:00Z,2019-03-31T03:30Z,210,,moderate
2019-03-31T03:30Z,2019-03-31T04:00Z,202,,moderate
2019-03-31T04:00Z,2019-03-31T04:30Z,195,,moderate
2019-03-31T23:00Z,2019-03-31T23:30Z,211,160,moderate
2019-03-31T23:30Z,2019-04-01T00:00Z,203,158,low
2019-04-01T00:00Z,2019-04-01T00:30Z,196,161,moderate
2019-04-01T00:30Z,2019-04-01T01:00Z,188,166,moderate
2019-04-01T01:00Z,2019-04-01T01:30Z,183,171,moderate
2019-04-01T01:30Z,2019-04-01T02:00Z,181,170,moderate
2019-04-01T02:00Z,2019-04-01T02:30Z,182,168,moderate
2019-04-01T02:30Z,2019-04-01T03:00Z,184,163,moderate
2019-04-01T03:00Z,2019-04-01T03:30Z,184,162,moderate
2019-04-01T23:00Z,2019-04-01T23:30Z,219,222,moderate
2019-04-01T23:30Z,2019-04-02T00:00Z,214,230,moderate
2019-04-02T00:00Z,2019-04-02T00:30Z,225,239,moderate
2019-04-02T00:30Z,2019-04-02T01:00Z,227,242,moderate
2019-04-02T01:00Z,2019-04-02T01:30Z,240,242,moderate
2019-04-02T01:30Z,2019-04-02T02:00Z,251,254,moderate
2019-04-02T02:00Z,2019-04-02T02:30Z,253,258,moderate
2019-04-02T02:30Z,2019-04-02T03:00Z,258,256,moderate
2019-04-02T03:00Z,2019-04-02T03:30Z,256,254,moderate
2019-04-02T23:00Z,2019-04-02T23:30Z,210,196,moderate
2019-04-02T23:30Z,2019-04-03T00:00Z,205,196,moderate
2019-04-03T00:00Z,2019-04-03T00:30Z,196,199,moderate
2019-04-03T00:30Z,2019-04-03T01:00Z,198,202,moderate
2019-04-03T01:00Z,2019-04-03T01:30Z,204,195,moderate
2019-04-03T01:30Z,2019-04-03T02:00Z,203,201,moderate
2019-04-03T02:00Z,2019-04-03T02:30Z,196,202,moderate
2019-04-03T02:30Z,2019-04-03T03:00Z,199,203,moderate
2019-04-03T03:00Z,2019-04-03T03:30Z,197,206,moderate
2019-04-03T23:00Z,2019-04-03T23:30Z,204,195,moderate
2019-04-03T23:30Z,2019-04-04T00:00Z,200,195,moderate
2019-04-04T00:00Z,2019-04-04T00:30Z,197,198,moderate
2019-04-04T00:30Z,2019-04-04T01:00Z,198,206,moderate
2019-04-04T01:00Z,2019-04-04T01:30Z,206,211,moderate
2019-04-04T01:30Z,2019-04-04T02:00Z,215,207,moderate
2019-04-04T02:00Z,2019-04-04T02:30Z,217,206,moderate
2019-04-04T02:30Z,2019-04-04T03:00Z,207,206,moderate
2019-04-04T03:00Z,2019-04-04T03:30Z,202,204,moderate
2019-04-04T23:00Z,2019-04-04T23:30Z,114,112,low
2019-04-04T23:30Z,2019-04-05T00:00Z,111,113,low
2019-04-05T00:00Z,2019-04-05T00:30Z,114,123,low
2019-04-05T00:30Z,2019-04-05T01:00Z,115,138,low
2019-04-05T01:00Z,2019-04-05T01:30Z,134,144,low
2019-04-05T01:30Z,2019-04-05T02:00Z,149,136,low
2019-04-05T02:00Z,2019-04-05T02:30Z,150,132,low
2019-04-05T02:30Z,2019-04-05T03:00Z,142,135,low
2019-04-05T03:00Z,2019-04-05T03:30Z,129,142,low
2019-04-05T23:00Z,2019-04-05T23:30Z,185,189,moderate
2019-04-05T23:30Z,2019-04-06T00:00Z,181,194,moderate
2019-04-06T00:00Z,2019-04-06T00:30Z,192,202,moderate
2019-04-06T00:30Z,2019-04-06T01:00Z,198,209,moderate
2019-04-06T01:00Z,2019-04-06T01:30Z,212,210,moderate
2019-04-06T01:30Z,2019-04-06T02:00Z,218,220,moderate
2019-04-06T02:00Z,2019-04-06T02:30Z,219,226,moderate
2019-04-06T02:30Z,2019-04-06T03:00Z,229,228,moderate
2019-04-06T03:00Z,2019-04-06T03:30Z,226,230,moderate
2019-04-06T23:00Z,2019-04-06T23:30Z,210,207,moderate
2019-04-06T23:30Z,2019-04-07T00:00Z,206,204,moderate
2019-04-07T00:00Z,2019-04-07T00:30Z,207,207,moderate
2019-04-07T00:30Z,2019-04-07T01:00Z,205,214,moderate
2019-04-07T01:00Z,2019-04-07T01:30Z,211,217,moderate
2019-04-07T01:30Z,2019-04-07T02:00Z,221,221,moderate
2019-04-07T02:00Z,2019-04-07T02:30Z,224,220,moderate
2019-04-07T02:30Z,2019-04-07T03:00Z,227,213,moderate
2019-04-07T03:00Z,2019-04-07T03:30Z,215,208,moderate
2019-04-07T23:00Z,2019-04-07T23:30Z,191,192,moderate
2019-04-07T23:30Z,2019-04-08T00:00Z,186,194,moderate
2019-04-08T00:00Z,2019-04-08T00:30Z,192,202,moderate
2019-04-08T00:30Z,2019-04-08T01:00Z,198,207,moderate
2019-04-08T01:00Z,2019-04-08T01:30Z,209,212,moderate
2019-04-08T01:30Z,2019-04-08T02:00Z,214,211,moderate
2019-04-08T02:00Z,2019-04-08T02:30Z,214,213,moderate
2019-04-08T02:30Z,2019-04-08T03:00Z,215,215,moderate
2019-04-08T03:00Z,2019-04-08T03:30Z,210,217,moderate
2019-04-08T23:00Z,2019-04-08T23:30Z,195,193,moderate
2019-04-08T23:30Z,2019-04-09T00:00Z,186,191,moderate
2019-04-09T00:00Z,2019-04-09T00:30Z,188,193,moderate
2019-04-09T00:30Z,2019-04-09T01:00Z,194,199,moderate
2019-04-09T01:00Z,2019-04-09T01:30Z,198,196,moderate
2019-04-09T01:30Z,2019-04-09T02:00Z,203,191,moderate
2019-04-09T02:00Z,2019-04-09T02:30Z,198,187,moderate
2019-04-09T02:30Z,2019-04-09T03:00Z,189,188,moderate
2019-04-09T03:00Z,2019-04-09T03:30Z,182,187,moderate
2019-04-09T23:00Z,2019-04-09T23:30Z,185,186,moderate
2019-04-09T23:30Z,2019-04-10T00:00Z,180,191,moderate
2019-04-10T00:00Z,2019-04-10T00:30Z,189,198,moderate
2019-04-10T00:30Z,2019-04-10T01:00Z,198,200,moderate
2019-04-10T01:00Z,2019-04-10T01:30Z,208,199,moderate
2019-04-10T01:30Z,2019-04-10T02:00Z,207,210,moderate
2019-04-10T02:00Z,2019-04-10T02:30Z,204,214,moderate
2019-04-10T02:30Z,2019-04-10T03:00Z,217,217,moderate
2019-04-10T03:00Z,2019-04-10T03:30Z,215,220,moderate
2019-04-10T23:00Z,2019-04-10T23:30Z,240,243,moderate
2019-04-10T23:30Z,2019-04-11T00:00Z,233,245,moderate
2019-04-11T00:00Z,2019-04-11T00:30Z,245,246,moderate
2019-04-11T00:30Z,2019-04-11T01:00Z,250,248,moderate
2019-04-11T01:00Z,2019-04-11T01:30Z,251,248,moderate
2019-04-11T01:30Z,2019-04-11T02:00Z,253,256,moderate
2019-04-11T02:00Z,2019-04-11T02:30Z,252,258,moderate
2019-04-11T02:30Z,2019-04-11T03:00Z,258,260,high
2019-04-11T03:00Z,2019-04-11T03:30Z,257,262,high
2019-04-11T23:00Z,2019-04-11T23:30Z,275,257,moderate
2019-04-11T23:30Z,2019-04-12T00:00Z,272,253,moderate
2019-04-12T00:00Z,2019-04-12T00:30Z,256,252,moderate
2019-04-12T00:30Z,2019-04-12T01:00Z,254,252,moderate
2019-04-12T01:00Z,2019-04-12T01:30Z,260,253,moderate
2019-04-12T01:30Z,2019-04-12T02:00Z,256,260,high
2019-04-12T02:00Z,2019-04-12T02:30Z,258,258,moderate
2019-04-12T02:30Z,2019-04-12T03:00Z,260,257,moderate
2019-04-12T03:00Z,2019-04-12T03:30Z,255,255,moderate
2019-04-12T23:00Z,2019-04-12T23:30Z,192,188,moderate
2019-04-12T23:30Z,2019-04-13T00:00Z,186,187,moderate
2019-04-13T00:00Z,2019-04-13T00:30Z,186,189,moderate
2019-04-13T00:30Z,2019-04-13T01:00Z,189,190,moderate
2019-04-13T01:00Z,2019-04-13T01:30Z,194,193,moderate
2019-04-13T01:30Z,2019-04-13T02:00Z,196,204,moderate
2019-04-13T02:00Z,2019-04-13T02:30Z,198,207,moderate
2019-04-13T02:30Z,2019-04-13T03:00Z,209,208,moderate
2019-04-13T03:00Z,2019-04-13T03:30Z,209,208,moderate
2019-04-13T23:00Z,2019-04-13T23:30Z,151,164,moderate
2019-04-13T23:30Z,2019-04-14T00:00Z,143,159,low
2019-04-14T00:00Z,2019-04-14T00:30Z,165,158,low
2019-04-14T00:30Z,2019-04-14T01:00Z,159,158,low
2019-04-14T01:00Z,2019-04-14T01:30Z,162,159,low
2019-04-14T01:30Z,2019-04-14T02:00Z,159,165,moderate
2019-04-14T02:00Z,2019-04-14T02:30Z,160,169,moderate
2019-04-14T02:30Z,2019-04-14T03:00Z,169,169,moderate
2019-04-14T03:00Z,2019-04-14T03:30Z,169,167,moderate
2019-04-14T23:00Z,2019-04-14T23:30Z,116,121,low
2019-04-14T23:30Z,2019-04-15T00:00Z,112,124,low
2019-04-15T00:00Z,2019-04-15T00:30Z,123,130,low
2019-04-15T00:30Z,2019-04-15T01:00Z,128,128,low
2019-04-15T01:00Z,2019-04-15T01:30Z,138,126,low
2019-04-15T01:30Z,2019-04-15T02:00Z,128,131,low
2019-04-15T02:00Z,2019-04-15T02:30Z,129,130,low
2019-04-15T02:30Z,2019-04-15T03:00Z,135,126,low
2019-04-15T03:00Z,2019-04-15T03:30Z,129,124,low
2019-04-15T23:00Z,2019-04-15T23:30Z,119,117,low
2019-04-15T23:30Z,2019-04-16T00:00Z,113,120,low
2019-04-16T00:00Z,2019-04-16T00:30Z,119,128,low
2019-04-16T00:30Z,2019-04-16T01:00Z,125,132,low
2019-04-16T01:00Z,2019-04-16T01:30Z,135,134,low
2019-04-16T01:30Z,2019-04-16T02:00Z,137,141,low
2019-04-16T02:00Z,2019-04-16T02:30Z,139,147,low
2019-04-16T02:30Z,2019-04-16T03:00Z,146,154,low
2019-04-16T03:00Z,2019-04-16T03:30Z,150,157,low
2019-04-16T23:00Z,2019-04-16T23:30Z,211,216,moderate
2019-04-16T23:30Z,2019-04-17T00:00Z,207,218,moderate
2019-04-17T00:00Z,2019-04-17T00:30Z,218,224,moderate
2019-04-17T00:30Z,2019-04-17T01:00Z,224,228,moderate
2019-04-17T01:00Z,2019-04-17T01:30Z,231,225,moderate
2019-04-17T01:30Z,2019-04-17T02:00Z,232,225,moderate
2019-04-17T02:00Z,2019-04-17T02:30Z,229,226,moderate
2019-04-17T02:30Z,2019-04-17T03:00Z,226,224,moderate
2019-04-17T03:00Z,2019-04-17T03:30Z,224,223,moderate
2019-04-17T23:00Z,2019-04-17T23:30Z,187,183,moderate
2019-04-17T23:30Z,2019-04-18T00:00Z,183,184,moderate
2019-04-18T00:00Z,2019-04-18T00:30Z,184,190,moderate
2019-04-18T00:30Z,2019-04-18T01:00Z,187,194,moderate
2019-04-18T01:00Z,2019-04-18T01:30Z,195,192,moderate
2019-04-18T01:30Z,2019-04-18T02:00Z,196,195,moderate
2019-04-18T02:00Z,2019-04-18T02:30Z,200,195,moderate
2019-04-18T02:30Z,2019-04-18T03:00Z,196,197,moderate
2019-04-18T03:00Z,2019-04-18T03:30Z,192,200,moderate
2019-04-18T23:00Z,2019-04-18T23:30Z,173,184,moderate
2019-04-18T23:30Z,2019-04-19T00:00Z,163,184,moderate
2019-04-19T00:00Z,2019-04-19T00:30Z,184,186,moderate
2019-04-19T00:30Z,2019-04-19T01:00Z,182,189,moderate
2019-04-19T01:00Z,2019-04-19T01:30Z,192,193,moderate
2019-04-19T01:30Z,2019-04-19T02:00Z,198,195,moderate
2019-04-19T02:00Z,2019-04-19T02:30Z,198,198,moderate
2019-04-19T02:30Z,2019-04-19T03:00Z,198,202,moderate
2019-04-19T03:00Z,2019-04-19T03:30Z,201,206,moderate
2019-04-19T23:00Z,2019-04-19T23:30Z,241,,moderate
2019-04-19T23:30Z,2019-04-20T00:00Z,229,,moderate
2019-04-20T00:00Z,2019-04-20T00:30Z,219,,moderate
2019-04-20T00:30Z,2019-04-20T01:00Z,209,,moderate
2019-04-20T01:00Z,2019-04-20T01:30Z,202,,moderate
2019-04-20T01:30Z,2019-04-20T02:00Z,198,,moderate
2019-04-20T02:00Z,2019-04-20T02:30Z,197,,moderate
2019-04-20T02:30Z,2019-04-20T03:00Z,199,,moderate
2019-04-20T03:00Z,2019-04-20T03:30Z,198,,moderate
2019-04-20T23:00Z,2019-04-20T23:30Z,252,,moderate
2019-04-20T23:30Z,2019-04-21T00:00Z,249,,moderate
2019-04-21T00:00Z,2019-04-21T00:30Z,245,,moderate
2019-04-21T00:30Z,2019-04-21T01:00Z,240,,moderate
2019-04-21T01:00Z,2019-04-21T01:30Z,232,,moderate
2019-04-21T01:30Z,2019-04-21T02:00Z,226,,moderate
2019-04-21T02:00Z,2019-04-21T02:30Z,223,,moderate
2019-04-21T02:30Z,2019-04-21T03:00Z,222,,moderate
2019-04-21T03:00Z,2019-04-21T03:30Z,221,,moderate
2019-04-21T23:00Z,2019-04-21T23:30Z,179,178,moderate
2019-04-21T23:30Z,2019-04-22T00:00Z,170,178,moderate
2019-04-22T00:00Z,2019-04-22T00:30Z,163,183,moderate
2019-04-22T00:30Z,2019-04-22T01:00Z,158,185,moderate
2019-04-22T01:00Z,2019-04-22T01:30Z,156,186,moderate
2019-04-22T01:30Z,2019-04-22T02:00Z,155,185,moderate
2019-04-22T02:00Z,2019-04-22T02:30Z,155,184,moderate
2019-04-22T02:30Z,2019-04-22T03:00Z,156,183,moderate
2019-04-22T03:00Z,2019-04-22T03:30Z,156,183,moderate
2019-04-22T23:00Z,2019-04-22T23:30Z,142,135,low
2019-04-22T23:30Z,2019-04-23T00:00Z,139,132,low
2019-04-23T00:00Z,2019-04-23T00:30Z,140,136,low
2019-04-23T00:30Z,2019-04-23T01:00Z,143,137,low
2019-04-23T01:00Z,2019-04-23T01:30Z,145,138,low
2019-04-23T01:30Z,2019-04-23T02:00Z,143,137,low
2019-04-23T02:00Z,2019-04-23T02:30Z,139,145,low
2019-04-23T02:30Z,2019-04-23T03:00Z,142,144,low
2019-04-23T03:00Z,2019-04-23T03:30Z,147,153,low
2019-04-23T23:00Z,2019-04-23T23:30Z,180,173,moderate
2019-04-23T23:30Z,2019-04-24T00:00Z,177,176,moderate
2019-04-24T00:00Z,2019-04-24T00:30Z,174,178,moderate
2019-04-24T00:30Z,2019-04-24T01:00Z,181,185,moderate
2019-04-24T01:00Z,2019-04-24T01:30Z,185,186,moderate
2019-04-24T01:30Z,2019-04-24T02:00Z,190,185,moderate
2019-04-24T02:00Z,2019-04-24T02:30Z,187,188,moderate
2019-04-24T02:30Z,2019-04-24T03:00Z,186,186,moderate
2019-04-24T03:00Z,2019-04-24T03:30Z,188,187,moderate
2019-04-24T23:00Z,2019-04-24T23:30Z,186,188,moderate
2019-04-24T23:30Z,2019-04-25T00:00Z,179,186,moderate
2019-04-25T00:00Z,2019-04-25T00:30Z,185,191,moderate
2019-04-25T00:30Z,2019-04-25T01:00Z,186,188,moderate
2019-04-25T01:00Z,2019-04-25T01:30Z,193,191,moderate
2019-04-25T01:30Z,2019-04-25T02:00Z,194,192,moderate
2019-04-25T02:00Z,2019-04-25T02:30Z,194,189,moderate
2019-04-25T02:30Z,2019-04-25T03:00Z,192,185,moderate
2019-04-25T03:00Z,2019-04-25T03:30Z,189,176,moderate
2019-04-25T23:00Z,2019-04-25T23:30Z,170,170,moderate
2019-04-25T23:30Z,2019-04-26T00:00Z,164,164,moderate
2019-04-26T00:00Z,2019-04-26T00:30Z,167,165,moderate
2019-04-26T00:30Z,2019-04-26T01:00Z,161,168,moderate
2019-04-26T01:00Z,2019-04-26T01:30Z,166,169,moderate
2019-04-26T01:30Z,2019-04-26T02:00Z,172,168,moderate
2019-04-26T02:00Z,2019-04-26T02:30Z,172,169,moderate
2019-04-26T02:30Z,2019-04-26T03:00Z,167,174,moderate
2019-04-26T03:00Z,2019-04-26T03:30Z,167,179,moderate
2019-04-26T23:00Z,2019-04-26T23:30Z,98,105,low
2019-04-26T23:30Z,2019-04-27T00:00Z,95,107,low
2019-04-27T00:00Z,2019-04-27T00:30Z,112,106,low
2019-04-27T00:30Z,2019-04-27T01:00Z,113,108,low
2019-04-27T01:00Z,2019-04-27T01:30Z,110,111,low
2019-04-27T01:30Z,2019-04-27T02:00Z,116,103,low
2019-04-27T02:00Z,2019-04-27T02:30Z,116,99,low
2019-04-27T02:30Z,2019-04-27T03:00Z,113,104,low
2019-04-27T03:00Z,2019-04-27T03:30Z,99,111,low
2019-04-27T23:00Z,2019-04-27T23:30Z,116,102,low
2019-04-27T23:30Z,2019-04-28T00:00Z,113,105,low
2019-04-28T00:00Z,2019-04-28T00:30Z,103,108,low
2019-04-28T00:30Z,2019-04-28T01:00Z,109,111,low
2019-04-28T01:00Z,2019-04-28T01:30Z,115,109,low
2019-04-28T01:30Z,2019-04-28T02:00Z,116,107,low
2019-04-28T02:00Z,2019-04-28T02:30Z,112,109,low
2019-04-28T02:30Z,2019-04-28T03:00Z,117,109,low
2019-04-28T03:00Z,2019-04-28T03:30Z,110,106,low
2019-04-28T23:00Z,2019-04-28T23:30Z,253,252,moderate
2019-04-28T23:30Z,2019-04-29T00:00Z,249,260,high
2019-04-29T00:00Z,2019-04-29T00:30Z,257,269,high
2019-04-29T00:30Z,2019-04-29T01:00Z,272,271,high
2019-04-29T01:00Z,2019-04-29T01:30Z,278,271,high
2019-04-29T01:30Z,2019-04-29T02:00Z,280,267,high
2019-04-29T02:00Z,2019-04-29T02:30Z,275,267,high
2019-04-29T02:30Z,2019-04-29T03:00Z,266,264,high
2019-04-29T03:00Z,2019-04-29T03:30Z,263,263,high
2019-04-29T23:00Z,2019-04-29T23:30Z,228,217,moderate
2019-04-29T23:30Z,2019-04-30T00:00Z,226,216,moderate
2019-04-30T00:00Z,2019-04-30T00:30Z,220,218,moderate
2019-04-30T00:30Z,2019-04-30T01:00Z,222,220,moderate
2019-04-30T01:00Z,2019-04-30T01:30Z,224,212,moderate
2019-04-30T01:30Z,2019-04-30T02:00Z,223,213,moderate
2019-04-30T02:00Z,2019-04-30T02:30Z,215,218,moderate
2019-04-30T02:30Z,2019-04-30T03:00Z,215,222,moderate
2019-04-30T03:00Z,2019-04-30T03:30Z,222,223,moderate
2019-04-30T23:00Z,2019-04-30T23:30Z,259,265,high
2019-04-30T23:30Z,2019-05-01T00:00Z,255,263,high
2019-05-01T00:00Z,2019-05-01T00:30Z,271,266,high
2019-05-01T00:30Z,2019-05-01T01:00Z,271,265,high
2019-05-01T01:00Z,2019-05-01T01:30Z,273,262,high
2019-05-01T01:30Z,2019-05-01T02:00Z,270,263,high
2019-05-01T02:00Z,2019-05-01T02:30Z,268,263,high
2019-05-01T02:30Z,2019-05-01T03:00Z,263,264,high
2019-05-01T03:00Z,2019-05-01T03:30Z,262,265,high
2019-05-01T23:00Z,2019-05-01T23:30Z,225,227,moderate
2019-05-01T23:30Z,2019-05-02T00:00Z,222,227,moderate
2019-05-02T00:00Z,2019-05-02T00:30Z,229,229,moderate
2019-05-02T00:30Z,2019-05-02T01:00Z,236,230,moderate
2019-05-02T01:00Z,2019-05-02T01:30Z,234,224,moderate
2019-05-02T01:30Z,2019-05-02T02:00Z,233,218,moderate
2019-05-02T02:00Z,2019-05-02T02:30Z,224,215,moderate
2019-05-02T02:30Z,2019-05-02T03:00Z,216,211,moderate
2019-05-02T03:00Z,2019-05-02T03:30Z,212,211,moderate
2019-05-02T23:00Z,2019-05-02T23:30Z,220,225,moderate
2019-05-02T23:30Z,2019-05-03T00:00Z,217,222,moderate
2019-05-03T00:00Z,2019-05-03T00:30Z,227,222,moderate
2019-05-03T00:30Z,2019-05-03T01:00Z,225,227,moderate
2019-05-03T01:00Z,2019-05-03T01:30Z,228,229,moderate
2019-05-03T01:30Z,2019-05-03T02:00Z,233,231,moderate
2019-05-03T02:00Z,2019-05-03T02:30Z,234,231,moderate
2019-05-03T02:30Z,2019-05-03T03:00Z,233,232,moderate
2019-05-03T03:00Z,2019-05-03T03:30Z,231,235,moderate
2019-05-03T23:00Z,2019-05-03T23:30Z,143,132,low
2019-05-03T23:30Z,2019-05-04T00:00Z,141,130,low
2019-05-04T00:00Z,2019-05-04T00:30Z,132,125,low
2019-05-04T00:30Z,2019-05-04T01:00Z,132,122,low
2019-05-04T01:00Z,2019-05-04T01:30Z,125,121,low
2019-05-04T01:30Z,2019-05-04T02:00Z,122,124,low
2019-05-04T02:00Z,2019-05-04T02:30Z,121,124,low
2019-05-04T02:30Z,2019-05-04T03:00Z,129,119,low
2019-05-04T03:00Z,2019-05-04T03:30Z,121,120,low
2019-05-04T23:00Z,2019-05-04T23:30Z,167,156,low
2019-05-04T23:30Z,2019-05-05T00:00Z,168,158,low
2019-05-05T00:00Z,2019-05-05T00:30Z,156,162,moderate
2019-05-05T00:30Z,2019-05-05T01:00Z,159,162,moderate
2019-05-05T01:00Z,2019-05-05T01:30Z,165,161,moderate
2019-05-05T01:30Z,2019-05-05T02:00Z,165,162,moderate
2019-05-05T02:00Z,2019-05-05T02:30Z,163,164,moderate
2019-05-05T02:30Z,2019-05-05T03:00Z,166,170,moderate
2019-05-05T03:00Z,2019-05-05T03:30Z,166,174,moderate
2019-05-05T23:00Z,2019-05-05T23:30Z,190,179,moderate
2019-05-05T23:30Z,2019-05-06T00:00Z,189,188,moderate
2019-05-06T00:00Z,2019-05-06T00:30Z,177,199,moderate
2019-05-06T00:30Z,2019-05-06T01:00Z,200,200,moderate
2019-05-06T01:00Z,2019-05-06T01:30Z,204,208,moderate
2019-05-06T01:30Z,2019-05-06T02:00Z,205,211,moderate
2019-05-06T02:00Z,2019-05-06T02:30Z,214,211,moderate
2019-05-06T02:30Z,2019-05-06T03:00Z,212,214,moderate
2019-05-06T03:00Z,2019-05-06T03:30Z,209,214,moderate
2019-05-06T23:00Z,2019-05-06T23:30Z,255,266,high
2019-05-06T23:30Z,2019-05-07T00:00Z,249,267,high
2019-05-07T00:00Z,2019-05-07T00:30Z,270,268,high
2019-05-07T00:30Z,2019-05-07T01:00Z,282,269,high
2019-05-07T01:00Z,2019-05-07T01:30Z,272,271,high
2019-05-07T01:30Z,2019-05-07T02:00Z,277,275,high
2019-05-07T02:00Z,2019-05-07T02:30Z,277,279,high
2019-05-07T02:30Z,2019-05-07T03:00Z,276,288,high
2019-05-07T03:00Z,2019-05-07T03:30Z,278,291,high
2019-05-07T23:00Z,2019-05-07T23:30Z,196,183,moderate
2019-05-07T23:30Z,2019-05-08T00:00Z,189,179,moderate
2019-05-08T00:00Z,2019-05-08T00:30Z,181,174,moderate
2019-05-08T00:30Z,2019-05-08T01:00Z,180,177,moderate
2019-05-08T01:00Z,2019-05-08T01:30Z,176,178,moderate
2019-05-08T01:30Z,2019-05-08T02:00Z,178,178,moderate
2019-05-08T02:00Z,2019-05-08T02:30Z,177,177,moderate
2019-05-08T02:30Z,2019-05-08T03:00Z,178,175,moderate
2019-05-08T03:00Z,2019-05-08T03:30Z,169,181,moderate
2019-05-08T23:00Z,2019-05-08T23:30Z,158,153,low
2019-05-08T23:30Z,2019-05-09T00:00Z,155,157,low
2019-05-09T00:00Z,2019-05-09T00:30Z,153,161,moderate
2019-05-09T00:30Z,2019-05-09T01:00Z,161,167,moderate
2019-05-09T01:00Z,2019-05-09T01:30Z,169,164,moderate
2019-05-09T01:30Z,2019-05-09T02:00Z,168,164,moderate
2019-05-09T02:00Z,2019-05-09T02:30Z,170,163,moderate
2019-05-09T02:30Z,2019-05-09T03:00Z,170,160,moderate
2019-05-09T03:00Z,2019-05-09T03:30Z,162,161,moderate
2019-05-09T23:00Z,2019-05-09T23:30Z,261,266,high
2019-05-09T23:30Z,2019-05-10T00:00Z,255,269,high
2019-05-10T00:00Z,2019-05-10T00:30Z,272,271,high
2019-05-10T00:30Z,2019-05-10T01:00Z,272,272,high
2019-05-10T01:00Z,2019-05-10T01:30Z,278,274,high
2019-05-10T01:30Z,2019-05-10T02:00Z,279,275,high
2019-05-10T02:00Z,2019-05-10T02:30Z,279,276,high
2019-05-10T02:30Z,2019-05-10T03:00Z,275,281,high
2019-05-10T03:00Z,2019-05-10T03:30Z,276,282,high
2019-05-10T23:00Z,2019-05-10T23:30Z,261,249,moderate
2019-05-10T23:30Z,2019-05-11T00:00Z,259,249,moderate
2019-05-11T00:00Z,2019-05-11T00:30Z,250,251,moderate
2019-05-11T00:30Z,2019-05-11T01:00Z,255,253,moderate
2019-05-11T01:00Z,2019-05-11T01:30Z,259,255,moderate
2019-05-11T01:30Z,2019-05-11T02:00Z,263,256,moderate
2019-05-11T02:00Z,2019-05-11T02:30Z,263,257,moderate
2019-05-11T02:30Z,2019-05-11T03:00Z,258,253,moderate
2019-05-11T03:00Z,2019-05-11T03:30Z,255,251,moderate
2019-05-11T23:00Z,2019-05-11T23:30Z,236,226,moderate
2019-05-11T23:30Z,2019-05-12T00:00Z,235,226,moderate
2019-05-12T00:00Z,2019-05-12T00:30Z,229,228,moderate
2019-05-12T00:30Z,2019-05-12T01:00Z,233,234,moderate
2019-05-12T01:00Z,2019-05-12T01:30Z,233,240,moderate
2019-05-12T01:30Z,2019-05-12T02:00Z,242,241,moderate
2019-05-12T02:00Z,2019-05-12T02:30Z,249,243,moderate
2019-05-12T02:30Z,2019-05-12T03:00Z,246,246,moderate
2019-05-12T03:00Z,2019-05-12T03:30Z,245,245,moderate
2019-05-12T23:00Z,2019-05-12T23:30Z,227,232,moderate
2019-05-12T23:30Z,2019-05-13T00:00Z,224,233,moderate
2019-05-13T00:00Z,2019-05-13T00:30Z,238,236,moderate
2019-05-13T00:30Z,2019-05-13T01:00Z,235,235,moderate
2019-05-13T01:00Z,2019-05-13T01:30Z,241,234,moderate
2019-05-13T01:30Z,2019-05-13T02:00Z,236,234,moderate
2019-05-13T02:00Z,2019-05-13T02:30Z,240,233,moderate
2019-05-13T02:30Z,2019-05-13T03:00Z,244,230,moderate
2019-05-13T03:00Z,2019-05-13T03:30Z,230,229,moderate
2019-05-13T23:00Z,2019-05-13T23:30Z,222,213,moderate
2019-05-13T23:30Z,2019-05-14T00:00Z,217,212,moderate
2019-05-14T00:00Z,2019-05-14T00:30Z,216,211,moderate
2019-05-14T00:30Z,2019-05-14T01:00Z,213,211,moderate
2019-05-14T01:00Z,2019-05-14T01:30Z,217,207,moderate
2019-05-14T01:30Z,2019-05-14T02:00Z,213,208,moderate
2019-05-14T02:00Z,2019-05-14T02:30Z,218,208,moderate
2019-05-14T02:30Z,2019-05-14T03:00Z,211,210,moderate
2019-05-14T03:00Z,2019-05-14T03:30Z,209,216,moderate
2019-05-14T23:00Z,2019-05-14T23:30Z,213,206,moderate
2019-05-14T23:30Z,2019-05-15T00:00Z,209,205,moderate
2019-05-15T00:00Z,2019-05-15T00:30Z,214,206,moderate
2019-05-15T00:30Z,2019-05-15T01:00Z,212,207,moderate
2019-05-15T01:00Z,2019-05-15T01:30Z,213,200,moderate
2019-05-15T01:30Z,2019-05-15T02:00Z,211,200,moderate
2019-05-15T02:00Z,2019-05-15T02:30Z,202,200,moderate
2019-05-15T02:30Z,2019-05-15T03:00Z,201,207,moderate
2019-05-15T03:00Z,2019-05-15T03:30Z,202,214,moderate
2019-05-15T23:00Z,2019-05-15T23:30Z,193,174,moderate
2019-05-15T23:30Z,2019-05-16T00:00Z,190,169,moderate
2019-05-16T00:00Z,2019-05-16T00:30Z,175,171,moderate
2019-05-16T00:30Z,2019-05-16T01:00Z,175,177,moderate
2019-05-16T01:00Z,2019-05-16T01:30Z,178,181,moderate
2019-05-16T01:30Z,2019-05-16T02:00Z,185,180,moderate
2019-05-16T02:00Z,2019-05-16T02:30Z,187,178,moderate
2019-05-16T02:30Z,2019-05-16T03:00Z,181,171,moderate
2019-05-16T03:00Z,2019-05-16T03:30Z,177,171,moderate
2019-05-16T23:00Z,2019-05-16T23:30Z,155,151,low
2019-05-16T23:30Z,2019-05-17T00:00Z,152,154,low
2019-05-17T00:00Z,2019-05-17T00:30Z,155,157,low
2019-05-17T00:30Z,2019-05-17T01:00Z,162,162,moderate
2019-05-17T01:00Z,2019-05-17T01:30Z,165,161,moderate
2019-05-17T01:30Z,2019-05-17T02:00Z,167,158,low
2019-05-17T02:00Z,2019-05-17T02:30Z,163,154,low
2019-05-17T02:30Z,2019-05-17T03:00Z,155,148,low
2019-05-17T03:00Z,2019-05-17T03:30Z,152,150,low
2019-05-17T23:00Z,2019-05-17T23:30Z,201,194,moderate
2019-05-17T23:30Z,2019-05-18T00:00Z,200,195,moderate
2019-05-18T00:00Z,2019-05-18T00:30Z,197,200,moderate
2019-05-18T00:30Z,2019-05-18T01:00Z,202,203,moderate
2019-05-18T01:00Z,2019-05-18T01:30Z,209,206,moderate
2019-05-18T01:30Z,2019-05-18T02:00Z,211,206,moderate
2019-05-18T02:00Z,2019-05-18T02:30Z,215,207,moderate
2019-05-18T02:30Z,2019-05-18T03:00Z,208,209,moderate
2019-05-18T03:00Z,2019-05-18T03:30Z,205,213,moderate
2019-05-18T23:00Z,2019-05-18T23:30Z,251,242,moderate
2019-05-18T23:30Z,2019-05-19T00:00Z,250,242,moderate
2019-05-19T00:00Z,2019-05-19T00:30Z,243,245,moderate
2019-05-19T00:30Z,2019-05-19T01:00Z,247,246,moderate
2019-05-19T01:00Z,2019-05-19T01:30Z,251,246,moderate
2019-05-19T01:30Z,2019-05-19T02:00Z,252,244,moderate
2019-05-19T02:00Z,2019-05-19T02:30Z,249,242,moderate
2019-05-19T02:30Z,2019-05-19T03:00Z,241,242,moderate
2019-05-19T03:00Z,2019-05-19T03:30Z,240,246,moderate
2019-05-19T23:00Z,2019-05-19T23:30Z,239,232,moderate
2019-05-19T23:30Z,2019-05-20T00:00Z,237,234,moderate
2019-05-20T00:00Z,2019-05-20T00:30Z,239,234,moderate
2019-05-20T00:30Z,2019-05-20T01:00Z,242,239,moderate
2019-05-20T01:00Z,2019-05-20T01:30Z,241,236,moderate
2019-05-20T01:30Z,2019-05-20T02:00Z,241,236,moderate
2019-05-20T02:00Z,2019-05-20T02:30Z,241,236,moderate
2019-05-20T02:30Z,2019-05-20T03:00Z,238,228,moderate
2019-05-20T03:00Z,2019-05-20T03:30Z,235,224,moderate
2019-05-20T23:00Z,2019-05-20T23:30Z,237,231,moderate
2019-05-20T23:30Z,2019-05-21T00:00Z,233,237,moderate
2019-05-21T00:00Z,2019-05-21T00:30Z,254,237,moderate
2019-05-21T00:30Z,2019-05-21T01:00Z,256,235,moderate
2019-05-21T01:00Z,2019-05-21T01:30Z,259,235,moderate
2019-05-21T01:30Z,2019-05-21T02:00Z,249,235,moderate
2019-05-21T02:00Z,2019-05-21T02:30Z,233,235,moderate
2019-05-21T02:30Z,2019-05-21T03:00Z,157,233,moderate
2019-05-21T03:00Z,2019-05-21T03:30Z,232,235,moderate
2019-05-21T23:00Z,2019-05-21T23:30Z,251,245,moderate
2019-05-21T23:30Z,2019-05-22T00:00Z,245,246,moderate
2019-05-22T00:00Z,2019-05-22T00:30Z,249,247,moderate
2019-05-22T00:30Z,2019-05-22T01:00Z,252,249,moderate
2019-05-22T01:00Z,2019-05-22T01:30Z,253,251,moderate
2019-05-22T01:30Z,2019-05-22T02:00Z,255,249,moderate
2019-05-22T02:00Z,2019-05-22T02:30Z,261,247,moderate
2019-05-22T02:30Z,2019-05-22T03:00Z,248,238,moderate
2019-05-22T03:00Z,2019-05-22T03:30Z,235,241,moderate
2019-05-22T23:00Z,2019-05-22T23:30Z,207,198,moderate
2019-05-22T23:30Z,2019-05-23T00:00Z,201,199,moderate
2019-05-23T00:00Z,2019-05-23T00:30Z,198,199,moderate
2019-05-23T00:30Z,2019-05-23T01:00Z,203,201,moderate
2019-05-23T01:00Z,2019-05-23T01:30Z,203,201,moderate
2019-05-23T01:30Z,2019-05-23T02:00Z,209,203,moderate
2019-05-23T02:00Z,2019-05-23T02:30Z,206,204,moderate
2019-05-23T02:30Z,2019-05-23T03:00Z,205,204,moderate
2019-05-23T03:00Z,2019-05-23T03:30Z,204,202,moderate
2019-05-23T23:00Z,2019-05-23T23:30Z,167,150,low
2019-05-23T23:30Z,2019-05-24T00:00Z,163,142,low
2019-05-24T00:00Z,2019-05-24T00:30Z,145,139,low
2019-05-24T00:30Z,2019-05-24T01:00Z,141,143,low
2019-05-24T01:00Z,2019-05-24T01:30Z,143,140,low
2019-05-24T01:30Z,2019-05-24T02:00Z,146,142,low
2019-05-24T02:00Z,2019-05-24T02:30Z,144,143,low
2019-05-24T02:30Z,2019-05-24T03:00Z,147,149,low
2019-05-24T03:00Z,2019-05-24T03:30Z,146,153,low
2019-05-24T23:00Z,2019-05-24T23:30Z,220,207,moderate
2019-05-24T23:30Z,2019-05-25T00:00Z,217,206,moderate
2019-05-25T00:00Z,2019-05-25T00:30Z,210,211,moderate
2019-05-25T00:30Z,2019-05-25T01:00Z,213,213,moderate
2019-05-25T01:00Z,2019-05-25T01:30Z,220,208,moderate
2019-05-25T01:30Z,2019-05-25T02:00Z,218,208,moderate
2019-05-25T02:00Z,2019-05-25T02:30Z,211,208,moderate
2019-05-25T02:30Z,2019-05-25T03:00Z,210,209,moderate
2019-05-25T03:00Z,2019-05-25T03:30Z,209,206,moderate
2019-05-25T23:00Z,2019-05-25T23:30Z,152,137,low
2019-05-25T23:30Z,2019-05-26T00:00Z,150,137,low
2019-05-26T00:00Z,2019-05-26T00:30Z,134,137,low
2019-05-26T00:30Z,2019-05-26T01:00Z,139,139,low
2019-05-26T01:00Z,2019-05-26T01:30Z,141,134,low
2019-05-26T01:30Z,2019-05-26T02:00Z,141,133,low
2019-05-26T02:00Z,2019-05-26T02:30Z,136,130,low
2019-05-26T02:30Z,2019-05-26T03:00Z,133,125,low
2019-05-26T03:00Z,2019-05-26T03:30Z,130,118,low
2019-05-26T23:00Z,2019-05-26T23:30Z,104,97,low
2019-05-26T23:30Z,2019-05-27T00:00Z,107,93,low
2019-05-27T00:00Z,2019-05-27T00:30Z,100,92,low
2019-05-27T00:30Z,2019-05-27T01:00Z,96,96,low
2019-05-27T01:00Z,2019-05-27T01:30Z,98,94,low
2019-05-27T01:30Z,2019-05-27T02:00Z,102,94,low
2019-05-27T02:00Z,2019-05-27T02:30Z,99,96,low
2019-05-27T02:30Z,2019-05-27T03:00Z,98,102,low
2019-05-27T03:00Z,2019-05-27T03:30Z,99,113,low
2019-05-27T23:00Z,2019-05-27T23:30Z,205,193,moderate
2019-05-27T23:30Z,2019-05-28T00:00Z,202,190,moderate
2019-05-28T00:00Z,2019-05-28T00:30Z,193,188,moderate
2019-05-28T00:30Z,2019-05-28T01:00Z,193,188,moderate
2019-05-28T01:00Z,2019-05-28T01:30Z,193,189,moderate
2019-05-28T01:30Z,2019-05-28T02:00Z,195,189,moderate
2019-05-28T02:00Z,2019-05-28T02:30Z,193,186,moderate
2019-05-28T02:30Z,2019-05-28T03:00Z,192,181,moderate
2019-05-28T03:00Z,2019-05-28T03:30Z,183,181,moderate
2019-05-28T23:00Z,2019-05-28T23:30Z,242,231,moderate
2019-05-28T23:30Z,2019-05-29T00:00Z,238,228,moderate
2019-05-29T00:00Z,2019-05-29T00:30Z,231,228,moderate
2019-05-29T00:30Z,2019-05-29T01:00Z,233,227,moderate
2019-05-29T01:00Z,2019-05-29T01:30Z,234,223,moderate
2019-05-29T01:30Z,2019-05-29T02:00Z,233,222,moderate
2019-05-29T02:00Z,2019-05-29T02:30Z,227,220,moderate
2019-05-29T02:30Z,2019-05-29T03:00Z,221,213,moderate
2019-05-29T03:00Z,2019-05-29T03:30Z,218,207,moderate
2019-05-29T23:00Z,2019-05-29T23:30Z,128,123,low
2019-05-29T23:30Z,2019-05-30T00:00Z,123,118,low
2019-05-30T00:00Z,2019-05-30T00:30Z,121,111,low
2019-05-30T00:30Z,2019-05-30T01:00Z,112,114,low
2019-05-30T01:00Z,2019-05-30T01:30Z,112,115,low
2019-05-30T01:30Z,2019-05-30T02:00Z,120,112,low
2019-05-30T02:00Z,2019-05-30T02:30Z,119,111,low
2019-05-30T02:30Z,2019-05-30T03:00Z,109,108,low
2019-05-30T03:00Z,2019-05-30T03:30Z,108,107,low
2019-05-30T23:00Z,2019-05-30T23:30Z,152,144,low
2019-05-30T23:30Z,2019-05-31T00:00Z,146,138,low
2019-05-31T00:00Z,2019-05-31T00:30Z,139,139,low
2019-05-31T00:30Z,2019-05-31T01:00Z,135,142,low
2019-05-31T01:00Z,2019-05-31T01:30Z,144,139,low
2019-05-31T01:30Z,2019-05-31T02:00Z,145,141,low
2019-05-31T02:00Z,2019-05-31T02:30Z,141,143,low
2019-05-31T02:30Z,2019-05-31T03:00Z,149,147,low
2019-05-31T03:00Z,2019-05-31T03:30Z,147,149,low
2019-05-31T23:00Z,2019-05-31T23:30Z,134,132,low
2019-05-31T23:30Z,2019-06-01T00:00Z,126,135,low
2019-06-01T00:00Z,2019-06-01T00:30Z,129,136,low
2019-06-01T00:30Z,2019-06-01T01:00Z,139,142,low
2019-06-01T01:00Z,2019-06-01T01:30Z,143,147,low
2019-06-01T01:30Z,2019-06-01T02:00Z,151,147,low
2019-06-01T02:00Z,2019-06-01T02:30Z,152,148,low
2019-06-01T02:30Z,2019-06-01T03:00Z,154,150,low
2019-06-01T03:00Z,2019-06-01T03:30Z,150,151,low
2019-06-01T23:00Z,2019-06-01T23:30Z,161,148,low
2019-06-01T23:30Z,2019-06-02T00:00Z,157,138,low
2019-06-02T00:00Z,2019-06-02T00:30Z,142,131,low
2019-06-02T00:30Z,2019-06-02T01:00Z,135,127,low
2019-06-02T01:00Z,2019-06-02T01:30Z,131,124,low
2019-06-02T01:30Z,2019-06-02T02:00Z,127,125,low
2019-06-02T02:00Z,2019-06-02T02:30Z,127,124,low
2019-06-02T02:30Z,2019-06-02T03:00Z,131,127,low
2019-06-02T03:00Z,2019-06-02T03:30Z,124,131,low
2019-06-02T23:00Z,2019-06-02T23:30Z,130,138,low
2019-06-02T23:30Z,2019-06-03T00:00Z,133,152,low
2019-06-03T00:00Z,2019-06-03T00:30Z,149,161,moderate
2019-06-03T00:30Z,2019-06-03T01:00Z,166,162,moderate
2019-06-03T01:00Z,2019-06-03T01:30Z,171,160,moderate
2019-06-03T01:30Z,2019-06-03T02:00Z,164,162,moderate
2019-06-03T02:00Z,2019-06-03T02:30Z,162,166,moderate
2019-06-03T02:30Z,2019-06-03T03:00Z,171,168,moderate
2019-06-03T03:00Z,2019-06-03T03:30Z,169,169,moderate
2019-06-03T23:00Z,2019-06-03T23:30Z,221,221,moderate
2019-06-03T23:30Z,2019-06-04T00:00Z,206,221,moderate
2019-06-04T00:00Z,2019-06-04T00:30Z,222,225,moderate
2019-06-04T00:30Z,2019-06-04T01:00Z,226,227,moderate
2019-06-04T01:00Z,2019-06-04T01:30Z,230,233,moderate
2019-06-04T01:30Z,2019-06-04T02:00Z,235,234,moderate
2019-06-04T02:00Z,2019-06-04T02:30Z,243,236,moderate
2019-06-04T02:30Z,2019-06-04T03:00Z,241,235,moderate
2019-06-04T03:00Z,2019-06-04T03:30Z,239,237,moderate
2019-06-04T23:00Z,2019-06-04T23:30Z,216,222,moderate
2019-06-04T23:30Z,2019-06-05T00:00Z,212,218,moderate
2019-06-05T00:00Z,2019-06-05T00:30Z,223,212,moderate
2019-06-05T00:30Z,2019-06-05T01:00Z,222,213,moderate
2019-06-05T01:00Z,2019-06-05T01:30Z,213,219,moderate
2019-06-05T01:30Z,2019-06-05T02:00Z,215,218,moderate
2019-06-05T02:00Z,2019-06-05T02:30Z,226,219,moderate
2019-06-05T02:30Z,2019-06-05T03:00Z,219,221,moderate
2019-06-05T03:00Z,2019-06-05T03:30Z,217,220,moderate
2019-06-05T23:00Z,2019-06-05T23:30Z,239,241,moderate
2019-06-05T23:30Z,2019-06-06T00:00Z,234,245,moderate
2019-06-06T00:00Z,2019-06-06T00:30Z,247,249,moderate
2019-06-06T00:30Z,2019-06-06T01:00Z,254,246,moderate
2019-06-06T01:00Z,2019-06-06T01:30Z,258,242,moderate
2019-06-06T01:30Z,2019-06-06T02:00Z,252,240,moderate
2019-06-06T02:00Z,2019-06-06T02:30Z,242,236,moderate
2019-06-06T02:30Z,2019-06-06T03:00Z,235,232,moderate
2019-06-06T03:00Z,2019-06-06T03:30Z,236,229,moderate
2019-06-06T23:00Z,2019-06-06T23:30Z,226,218,moderate
2019-06-06T23:30Z,2019-06-07T00:00Z,219,214,moderate
2019-06-07T00:00Z,2019-06-07T00:30Z,217,211,moderate
2019-06-07T00:30Z,2019-06-07T01:00Z,214,208,moderate
2019-06-07T01:00Z,2019-06-07T01:30Z,212,208,moderate
2019-06-07T01:30Z,2019-06-07T02:00Z,206,211,moderate
2019-06-07T02:00Z,2019-06-07T02:30Z,217,215,moderate
2019-06-07T02:30Z,2019-06-07T03:00Z,219,214,moderate
2019-06-07T03:00Z,2019-06-07T03:30Z,218,208,moderate
2019-06-07T23:00Z,2019-06-07T23:30Z,167,155,low
2019-06-07T23:30Z,2019-06-08T00:00Z,160,153,low
2019-06-08T00:00Z,2019-06-08T00:30Z,149,163,moderate
2019-06-08T00:30Z,2019-06-08T01:00Z,157,164,moderate
2019-06-08T01:00Z,2019-06-08T01:30Z,165,160,moderate
2019-06-08T01:30Z,2019-06-08T02:00Z,164,164,moderate
2019-06-08T02:00Z,2019-06-08T02:30Z,169,168,moderate
2019-06-08T02:30Z,2019-06-08T03:00Z,176,167,moderate
2019-06-08T03:00Z,2019-06-08T03:30Z,173,166,moderate
2019-06-08T23:00Z,2019-06-08T23:30Z,168,174,moderate
2019-06-08T23:30Z,2019-06-09T00:00Z,159,174,moderate
2019-06-09T00:00Z,2019-06-09T00:30Z,168,178,moderate
2019-06-09T00:30Z,2019-06-09T01:00Z,174,179,moderate
2019-06-09T01:00Z,2019-06-09T01:30Z,174,182,moderate
2019-06-09T01:30Z,2019-06-09T02:00Z,186,182,moderate
2019-06-09T02:00Z,2019-06-09T02:30Z,191,183,moderate
2019-06-09T02:30Z,2019-06-09T03:00Z,181,190,moderate
2019-06-09T03:00Z,2019-06-09T03:30Z,186,192,moderate
2019-06-09T23:00Z,2019-06-09T23:30Z,274,275,high
2019-06-09T23:30Z,2019-06-10T00:00Z,268,276,high
2019-06-10T00:00Z,2019-06-10T00:30Z,278,279,high
2019-06-10T00:30Z,2019-06-10T01:00Z,282,281,high
2019-06-10T01:00Z,2019-06-10T01:30Z,287,284,high
2019-06-10T01:30Z,2019-06-10T02:00Z,286,286,high
2019-06-10T02:00Z,2019-06-10T02:30Z,290,290,high
2019-06-10T02:30Z,2019-06-10T03:00Z,291,288,high
2019-06-10T03:00Z,2019-06-10T03:30Z,288,286,high
2019-06-10T23:00Z,2019-06-10T23:30Z,185,171,moderate
2019-06-10T23:30Z,2019-06-11T00:00Z,178,167,moderate
2019-06-11T00:00Z,2019-06-11T00:30Z,168,166,moderate
2019-06-11T00:30Z,2019-06-11T01:00Z,168,162,moderate
2019-06-11T01:00Z,2019-06-11T01:30Z,167,160,moderate
2019-06-11T01:30Z,2019-06-11T02:00Z,161,160,moderate
2019-06-11T02:00Z,2019-06-11T02:30Z,157,161,moderate
2019-06-11T02:30Z,2019-06-11T03:00Z,161,159,low
2019-06-11T03:00Z,2019-06-11T03:30Z,163,148,low
2019-06-11T23:00Z,2019-06-11T23:30Z,147,149,low
2019-06-11T23:30Z,2019-06-12T00:00Z,136,158,low
2019-06-12T00:00Z,2019-06-12T00:30Z,149,168,moderate
2019-06-12T00:30Z,2019-06-12T01:00Z,162,166,moderate
2019-06-12T01:00Z,2019-06-12T01:30Z,171,160,moderate
2019-06-12T01:30Z,2019-06-12T02:00Z,164,160,moderate
2019-06-12T02:00Z,2019-06-12T02:30Z,164,159,low
2019-06-12T02:30Z,2019-06-12T03:00Z,168,158,low
2019-06-12T03:00Z,2019-06-12T03:30Z,158,167,moderate
2019-06-12T23:00Z,2019-06-12T23:30Z,186,179,moderate
2019-06-12T23:30Z,2019-06-13T00:00Z,176,175,moderate
2019-06-13T00:00Z,2019-06-13T00:30Z,173,169,moderate
2019-06-13T00:30Z,2019-06-13T01:00Z,168,177,moderate
2019-06-13T01:00Z,2019-06-13T01:30Z,168,187,moderate
2019-06-13T01:30Z,2019-06-13T02:00Z,184,187,moderate
2019-06-13T02:00Z,2019-06-13T02:30Z,191,187,moderate
2019-06-13T02:30Z,2019-06-13T03:00Z,188,192,moderate
2019-06-13T03:00Z,2019-06-13T03:30Z,188,195,moderate
2019-06-13T23:00Z,2019-06-13T23:30Z,243,249,moderate
2019-06-13T23:30Z,2019-06-14T00:00Z,238,247,moderate
2019-06-14T00:00Z,2019-06-14T00:30Z,250,247,moderate
2019-06-14T00:30Z,2019-06-14T01:00Z,252,245,moderate
2019-06-14T01:00Z,2019-06-14T01:30Z,251,242,moderate
2019-06-14T01:30Z,2019-06-14T02:00Z,251,243,moderate
2019-06-14T02:00Z,2019-06-14T02:30Z,247,244,moderate
2019-06-14T02:30Z,2019-06-14T03:00Z,246,245,moderate
2019-06-14T03:00Z,2019-06-14T03:30Z,244,241,moderate
2019-06-14T23:00Z,2019-06-14T23:30Z,222,206,moderate
2019-06-14T23:30Z,2019-06-15T00:00Z,218,212,moderate
2019-06-15T00:00Z,2019-06-15T00:30Z,202,220,moderate
2019-06-15T00:30Z,2019-06-15T01:00Z,212,221,moderate
2019-06-15T01:00Z,2019-06-15T01:30Z,224,227,moderate
2019-06-15T01:30Z,2019-06-15T02:00Z,227,229,moderate
2019-06-15T02:00Z,2019-06-15T02:30Z,229,231,moderate
2019-06-15T02:30Z,2019-06-15T03:00Z,228,227,moderate
2019-06-15T03:00Z,2019-06-15T03:30Z,223,222,moderate
2019-06-15T23:00Z,2019-06-15T23:30Z,220,211,moderate
2019-06-15T23:30Z,2019-06-16T00:00Z,216,208,moderate
2019-06-16T00:00Z,2019-06-16T00:30Z,206,210,moderate
2019-06-16T00:30Z,2019-06-16T01:00Z,210,214,moderate
2019-06-16T01:00Z,2019-06-16T01:30Z,212,222,moderate
2019-06-16T01:30Z,2019-06-16T02:00Z,221,221,moderate
2019-06-16T02:00Z,2019-06-16T02:30Z,226,217,moderate
2019-06-16T02:30Z,2019-06-16T03:00Z,216,220,moderate
2019-06-16T03:00Z,2019-06-16T03:30Z,209,231,moderate
2019-06-16T23:00Z,2019-06-16T23:30Z,120,134,low
2019-06-16T23:30Z,2019-06-17T00:00Z,112,138,low
2019-06-17T00:00Z,2019-06-17T00:30Z,133,140,low
2019-06-17T00:30Z,2019-06-17T01:00Z,142,141,low
2019-06-17T01:00Z,2019-06-17T01:30Z,147,142,low
2019-06-17T01:30Z,2019-06-17T02:00Z,142,139,low
2019-06-17T02:00Z,2019-06-17T02:30Z,146,136,low
2019-06-17T02:30Z,2019-06-17T03:00Z,145,132,low
2019-06-17T03:00Z,2019-06-17T03:30Z,135,134,low
2019-06-17T23:00Z,2019-06-17T23:30Z,213,199,moderate
2019-06-17T23:30Z,2019-06-18T00:00Z,214,200,moderate
2019-06-18T00:00Z,2019-06-18T00:30Z,198,204,moderate
2019-06-18T00:30Z,2019-06-18T01:00Z,204,203,moderate
2019-06-18T01:00Z,2019-06-18T01:30Z,210,200,moderate
2019-06-18T01:30Z,2019-06-18T02:00Z,211,199,moderate
2019-06-18T02:00Z,2019-06-18T02:30Z,205,197,moderate
2019-06-18T02:30Z,2019-06-18T03:00Z,199,193,moderate
2019-06-18T03:00Z,2019-06-18T03:30Z,197,194,moderate
2019-06-18T23:00Z,2019-06-18T23:30Z,253,260,high
2019-06-18T23:30Z,2019-06-19T00:00Z,244,255,moderate
2019-06-19T00:00Z,2019-06-19T00:30Z,263,266,high
2019-06-19T00:30Z,2019-06-19T01:00Z,262,275,high
2019-06-19T01:00Z,2019-06-19T01:30Z,277,275,high
2019-06-19T01:30Z,2019-06-19T02:00Z,284,275,high
2019-06-19T02:00Z,2019-06-19T02:30Z,277,275,high
2019-06-19T02:30Z,2019-06-19T03:00Z,274,274,high
2019-06-19T03:00Z,2019-06-19T03:30Z,272,275,high
2019-06-19T23:00Z,2019-06-19T23:30Z,273,269,high
2019-06-19T23:30Z,2019-06-20T00:00Z,268,263,high
2019-06-20T00:00Z,2019-06-20T00:30Z,263,259,moderate
2019-06-20T00:30Z,2019-06-20T01:00Z,260,256,moderate
2019-06-20T01:00Z,2019-06-20T01:30Z,260,257,moderate
2019-06-20T01:30Z,2019-06-20T02:00Z,254,261,high
2019-06-20T02:00Z,2019-06-20T02:30Z,260,265,high
2019-06-20T02:30Z,2019-06-20T03:00Z,271,267,high
2019-06-20T03:00Z,2019-06-20T03:30Z,264,264,high
2019-06-20T23:00Z,2019-06-20T23:30Z,237,254,moderate
2019-06-20T23:30Z,2019-06-21T00:00Z,231,257,moderate
2019-06-21T00:00Z,2019-06-21T00:30Z,224,254,moderate
2019-06-21T00:30Z,2019-06-21T01:00Z,217,261,high
2019-06-21T01:00Z,2019-06-21T01:30Z,210,264,high
2019-06-21T01:30Z,2019-06-21T02:00Z,204,264,high
2019-06-21T02:00Z,2019-06-21T02:30Z,267,263,high
2019-06-21T02:30Z,2019-06-21T03:00Z,263,258,moderate
2019-06-21T03:00Z,2019-06-21T03:30Z,256,258,moderate
2019-06-21T23:00Z,2019-06-21T23:30Z,297,288,high
2019-06-21T23:30Z,2019-06-22T00:00Z,293,283,high
2019-06-22T00:00Z,2019-06-22T00:30Z,286,283,high
2019-06-22T00:30Z,2019-06-22T01:00Z,291,287,high
2019-06-22T01:00Z,2019-06-22T01:30Z,287,290,high
2019-06-22T01:30Z,2019-06-22T02:00Z,292,294,high
2019-06-22T02:00Z,2019-06-22T02:30Z,291,298,high
2019-06-22T02:30Z,2019-06-22T03:00Z,300,298,high
2019-06-22T03:00Z,2019-06-22T03:30Z,298,290,high
2019-06-22T23:00Z,2019-06-22T23:30Z,263,247,moderate
2019-06-22T23:30Z,2019-06-23T00:00Z,256,245,moderate
2019-06-23T00:00Z,2019-06-23T00:30Z,243,238,moderate
2019-06-23T00:30Z,2019-06-23T01:00Z,239,232,moderate
2019-06-23T01:00Z,2019-06-23T01:30Z,236,226,moderate
2019-06-23T01:30Z,2019-06-23T02:00Z,234,226,moderate
2019-06-23T02:00Z,2019-06-23T02:30Z,226,226,moderate
2019-06-23T02:30Z,2019-06-23T03:00Z,227,229,moderate
2019-06-23T03:00Z,2019-06-23T03:30Z,221,236,moderate
2019-06-23T23:00Z,2019-06-23T23:30Z,164,174,moderate
2019-06-23T23:30Z,2019-06-24T00:00Z,153,185,moderate
2019-06-24T00:00Z,2019-06-24T00:30Z,176,188,moderate
2019-06-24T00:30Z,2019-06-24T01:00Z,189,186,moderate
2019-06-24T01:00Z,2019-06-24T01:30Z,194,191,moderate
2019-06-24T01:30Z,2019-06-24T02:00Z,189,196,moderate
2019-06-24T02:00Z,2019-06-24T02:30Z,198,203,moderate
2019-06-24T02:30Z,2019-06-24T03:00Z,211,209,moderate
2019-06-24T03:00Z,2019-06-24T03:30Z,212,204,moderate
2019-06-24T23:00Z,2019-06-24T23:30Z,282,291,high
2019-06-24T23:30Z,2019-06-25T00:00Z,272,295,high
2019-06-25T00:00Z,2019-06-25T00:30Z,301,300,high
2019-06-25T00:30Z,2019-06-25T01:00Z,307,295,high
2019-06-25T01:00Z,2019-06-25T01:30Z,306,288,high
2019-06-25T01:30Z,2019-06-25T02:00Z,296,286,high
2019-06-25T02:00Z,2019-06-25T02:30Z,287,283,high
2019-06-25T02:30Z,2019-06-25T03:00Z,273,271,high
2019-06-25T03:00Z,2019-06-25T03:30Z,266,261,high
2019-06-25T23:00Z,2019-06-25T23:30Z,241,233,moderate
2019-06-25T23:30Z,2019-06-26T00:00Z,238,226,moderate
2019-06-26T00:00Z,2019-06-26T00:30Z,234,228,moderate
2019-06-26T00:30Z,2019-06-26T01:00Z,226,232,moderate
2019-06-26T01:00Z,2019-06-26T01:30Z,225,232,moderate
2019-06-26T01:30Z,2019-06-26T02:00Z,236,235,moderate
2019-06-26T02:00Z,2019-06-26T02:30Z,238,239,moderate
2019-06-26T02:30Z,2019-06-26T03:00Z,240,246,moderate
2019-06-26T03:00Z,2019-06-26T03:30Z,240,247,moderate
2019-06-26T23:00Z,2019-06-26T23:30Z,242,247,moderate
2019-06-26T23:30Z,2019-06-27T00:00Z,238,253,moderate
2019-06-27T00:00Z,2019-06-27T00:30Z,246,259,moderate
2019-06-27T00:30Z,2019-06-27T01:00Z,257,257,moderate
2019-06-27T01:00Z,2019-06-27T01:30Z,266,249,moderate
2019-06-27T01:30Z,2019-06-27T02:00Z,255,245,moderate
2019-06-27T02:00Z,2019-06-27T02:30Z,254,239,moderate
2019-06-27T02:30Z,2019-06-27T03:00Z,243,234,moderate
2019-06-27T03:00Z,2019-06-27T03:30Z,239,233,moderate
2019-06-27T23:00Z,2019-06-27T23:30Z,203,204,moderate
2019-06-27T23:30Z,2019-06-28T00:00Z,196,201,moderate
2019-06-28T00:00Z,2019-06-28T00:30Z,204,203,moderate
2019-06-28T00:30Z,2019-06-28T01:00Z,205,207,moderate
2019-06-28T01:00Z,2019-06-28T01:30Z,210,205,moderate
2019-06-28T01:30Z,2019-06-28T02:00Z,212,205,moderate
2019-06-28T02:00Z,2019-06-28T02:30Z,216,204,moderate
2019-06-28T02:30Z,2019-06-28T03:00Z,211,202,moderate
2019-06-28T03:00Z,2019-06-28T03:30Z,206,197,moderate
2019-06-28T23:00Z,2019-06-28T23:30Z,194,187,moderate
